Delta,Time,CORE0_ENERGY (J),CORE0_FREQ (MHZ),CORE0_PSTATE,CORE0_VOLT (V),CPU_ENERGY (J),CPU_FREQUENCY_0,CPU_FREQUENCY_1,CPU_FREQUENCY_10,CPU_FREQUENCY_11,CPU_FREQUENCY_12,CPU_FREQUENCY_13,CPU_FREQUENCY_14,CPU_FREQUENCY_15,CPU_FREQUENCY_16,CPU_FREQUENCY_17,CPU_FREQUENCY_18,CPU_FREQUENCY_19,CPU_FREQUENCY_2,CPU_FREQUENCY_20,CPU_FREQUENCY_21,CPU_FREQUENCY_22,CPU_FREQUENCY_23,CPU_FREQUENCY_24,CPU_FREQUENCY_25,CPU_FREQUENCY_26,CPU_FREQUENCY_27,CPU_FREQUENCY_28,CPU_FREQUENCY_29,CPU_FREQUENCY_3,CPU_FREQUENCY_30,CPU_FREQUENCY_31,CPU_FREQUENCY_4,CPU_FREQUENCY_5,CPU_FREQUENCY_6,CPU_FREQUENCY_7,CPU_FREQUENCY_8,CPU_FREQUENCY_9,CPU_USAGE_0,CPU_USAGE_1,CPU_USAGE_10,CPU_USAGE_11,CPU_USAGE_12,CPU_USAGE_13,CPU_USAGE_14,CPU_USAGE_15,CPU_USAGE_16,CPU_USAGE_17,CPU_USAGE_18,CPU_USAGE_19,CPU_USAGE_2,CPU_USAGE_20,CPU_USAGE_21,CPU_USAGE_22,CPU_USAGE_23,CPU_USAGE_24,CPU_USAGE_25,CPU_USAGE_26,CPU_USAGE_27,CPU_USAGE_28,CPU_USAGE_29,CPU_USAGE_3,CPU_USAGE_30,CPU_USAGE_31,CPU_USAGE_4,CPU_USAGE_5,CPU_USAGE_6,CPU_USAGE_7,CPU_USAGE_8,CPU_USAGE_9,GPU0_MEMORY_TOTAL,GPU0_MEMORY_USED,GPU0_POWER (mWatts),GPU0_TEMPERATURE,GPU0_USAGE,TOTAL_MEMORY,TOTAL_SWAP,USED_MEMORY,USED_SWAP
0,1772138243726,64381.37576293945,5350,0,0.25624999999999987,637597.4666900635,2501,2501,2501,2501,2501,2501,2501,2501,2501,2501,2501,2501,2501,2501,2501,2501,2501,2501,2501,2501,2501,2501,2501,2501,2501,2501,2501,2501,2501,2501,2501,2501,74.8083267211914,12.091484069824219,1.7723007202148438,3.1147079467773438,4.00531005859375,6.1738739013671875,1.1351852416992188,0.8928070068359375,1.2670135498046875,1.8111343383789063,1.144012451171875,0.980682373046875,17.69251251220703,0.34229278564453125,0.2853851318359375,0.15234375,0.1379852294921875,0.345458984375,0.39837646484375,50.715301513671875,7.834098815917969,0.13933563232421875,0.2823028564453125,12.874313354492188,0.2796783447265625,0.39139556884765625,1.19012451171875,0.66357421875,0.49494171142578125,0.6295700073242188,0.20883941650390625,0.26537322998046875,8188,240,590006,41,0,33514618880,35903139840,10932125696,0
200,1772138243726,34620.934310913086,5350,0,0.2437499999999999,637598.0870361328,2501,2501,2501,2501,2501,2501,2501,2501,2501,2501,2501,2501,2501,2501,2501,2501,2501,2501,2501,2501,2501,2501,2501,2501,2501,2501,2501,2501,2501,2501,2501,2501,60.289100646972656,4.966529846191406,9.140426635742188,10.466728210449219,8.28070068359375,5.787567138671875,5.7315216064453125,3.5518035888671875,3.6125946044921875,3.7420654296875,30.08100128173828,15.491676330566406,57.9554443359375,4.390220642089844,3.5825958251953125,3.4294357299804688,3.4294357299804688,3.42864990234375,3.42864990234375,47.40266036987305,37.758548736572266,3.5636444091796875,3.5636444091796875,11.782768249511719,5.466255187988281,6.477561950683594,3.929962158203125,3.760223388671875,3.4625930786132813,3.4618072509765625,3.4625930786132813,3.4618072509765625,8188,240,590006,41,0,33514618880,35903139840,10932236288,0
199,1772138243926,62361.83866882324,4975,0,0.4312499999999999,637606.7473449707,2501,2501,2501,2501,2501,2501,2501,2501,2501,2501,2501,2501,2501,2501,2501,2501,2501,2501,2501,2501,2501,2501,2501,2501,2501,2501,2501,2501,2501,2501,2501,2501,24.845245361328125,24.705406188964844,0.42363739013671875,4.682373046875,5.221580505371094,5.374542236328125,1.6760940551757813,1.8213043212890625,0.22129058837890625,0.21631622314453125,1.0343475341796875,0.291107177734375,74.7586669921875,2.8244247436523438,1.8709793090820313,0.2006072998046875,0.49932098388671875,0.4154815673828125,0.5873947143554688,42.71533966064453,16.374961853027344,1.2747344970703125,0.69256591796875,5.772621154785156,0.6333389282226563,1.6002120971679688,0.732452392578125,0.31707000732421875,0.261474609375,0.2887725830078125,0.481170654296875,0.9339523315429688,8188,240,590006,41,0,33514618880,35903139840,11167178752,0
200,1772138244126,62362.474365234375,4900,0,0.39375000000000004,637614.507019043,2501,2501,2501,2501,2501,2501,2501,2501,2501,2501,2501,2501,2501,2501,2501,2501,2501,2501,2501,2501,2501,2501,2501,2501,2501,2501,2501,2501,2501,2501,2501,2501,22.767425537109375,20.18853759765625,0.8261566162109375,4.753456115722656,1.225616455078125,5.5499267578125,0.7262420654296875,1.1394729614257813,0,0,0.075286865234375,0,100,0,0,0,0.04090118408203125,0.002105712890625,0,59.3526611328125,3.2823028564453125,0.6211166381835938,0.5694580078125,0,0.16008758544921875,0,0.20003509521484375,0.45212554931640625,0,0,0,0,8188,240,18919,42,0,33514618880,35903139840,11222908928,0
200,1772138244327,64385.959411621094,5275,0,0.31874999999999987,637623.5363311768,2501,2501,2501,2501,2501,2501,2501,2501,2501,2501,2501,2501,2501,2501,2501,2501,2501,2501,2501,2501,2501,2501,2501,2501,2501,2501,2501,2501,2501,2501,2501,2501,13.380294799804688,34.92735290527344,1.2024154663085938,5.737068176269531,3.3504638671875,4.98785400390625,2.7784423828125,2.9669189453125,3.0683746337890625,1.26861572265625,2.6431350708007813,0.287384033203125,34.084014892578125,0.7705917358398438,0.41829681396484375,1.949737548828125,0.6788711547851563,0.39427947998046875,0.9165802001953125,55.661678314208984,15.919075012207031,1.1115493774414063,0.8925628662109375,34.35687255859375,0.9031982421875,2.324798583984375,0.504119873046875,1.176300048828125,0.578369140625,0.6916046142578125,2.61956787109375,0.6713333129882813,8188,240,18919,42,0,33514618880,35903139840,11303686144,0
199,1772138244527,62364.66194152832,5125,0,0.34375,637633.2964172363,2501,2501,2501,2501,2501,2501,2501,2501,2501,2501,2501,2501,2501,2501,2501,2501,2501,2501,2501,2501,2501,2501,2501,2501,2501,2501,2501,2501,2501,2501,2501,2501,16.21735382080078,35.37126922607422,3.3786773681640625,12.459182739257813,6.189643859863281,13.416213989257813,4.29669189453125,4.3702392578125,1.332183837890625,0.42455291748046875,0.39739990234375,0.36376953125,4.686607360839844,0.31217193603515625,0.04531097412109375,0,0.217864990234375,0.42824554443359375,0.05663299560546875,20.021026611328125,8.055206298828125,0,0.1398162841796875,88.9864730834961,0.174102783203125,0.8138198852539063,1.847747802734375,2.2565765380859375,1.1468048095703125,1.6254425048828125,2.3844223022460938,0.5854263305664063,8188,240,18919,42,0,33514618880,35903139840,11321741312,0
200,1772138244728,62365.43209838867,5125,0,0.34375,637641.8890228271,2501,2501,2501,2501,2501,2501,2501,2501,2501,2501,2501,2501,2501,2501,2501,2501,2501,2501,2501,2501,2501,2501,2501,2501,2501,2501,2501,2501,2501,2501,2501,2501,29.407821655273438,6.183723449707031,4.947471618652344,4.35760498046875,5.675773620605469,6.080162048339844,6.441558837890625,5.8934478759765625,0.8580474853515625,0.7697601318359375,1.7175827026367188,1.653533935546875,0.6727218627929688,1.3192138671875,1.0330657958984375,0.7757339477539063,0.6273880004882813,0.5959854125976563,0.5963821411132813,19.852523803710938,4.815788269042969,0.6569442749023438,0.784942626953125,99.04954528808594,0.7102432250976563,0.7783737182617188,2.3691024780273438,2.172882080078125,1.23162841796875,0.8675537109375,0.772552490234375,1.1999282836914063,8188,240,19021,42,0,33514618880,35903139840,11342139392,0
199,1772138244928,62366.20135498047,5075,0,0.38749999999999996,637650.1360015869,2501,2501,2501,2501,2501,2501,2501,2501,2501,2501,2501,2501,2501,2501,2501,2501,2501,2501,2501,2501,2501,2501,2501,2501,2501,2501,2501,2501,2501,2501,2501,2501,17.289443969726563,32.22003173828125,0.257659912109375,5.841583251953125,3.7211380004882813,6.537712097167969,0.4100494384765625,1.9342498779296875,0.2286376953125,0,0.07061004638671875,0.43248748779296875,0,0,0,0.09664154052734375,0.0400390625,0.3047332763671875,0.2387542724609375,51.123775482177734,4.0979766845703125,0,0.1092071533203125,99.98898315429688,0,0,1.1646652221679688,1.9860610961914063,0.01984405517578125,0.4149322509765625,0.09454345703125,0.04143524169921875,8188,240,19021,42,0,33514618880,35903139840,11347283968,0
199,1772138245129,62367.21333312988,5225,0,0.33125000000000004,637658.6636199951,2501,2501,2501,2501,2501,2501,2501,2501,2501,2501,2501,2501,2501,2501,2501,2501,2501,2501,2501,2501,2501,2501,2501,2501,2501,2501,2501,2501,2501,2501,2501,2501,8.139244079589844,28.929092407226563,0.79156494140625,3.6289443969726563,2.928070068359375,6.5473175048828125,0.601776123046875,1.5943832397460938,2.200653076171875,0.9459075927734375,2.73992919921875,0.8091659545898438,7.8411102294921875,0.0581512451171875,0,0.1700897216796875,0,0.05419921875,0.8664093017578125,47.33464050292969,15.129539489746094,0.8198623657226563,0.8495635986328125,72.85357666015625,0.370086669921875,0.5112762451171875,0,0.179290771484375,0.36463165283203125,0.07740020751953125,1.4941864013671875,0.4716796875,8188,240,19088,42,0,33514618880,35903139840,11382792192,0
200,1772138245329,64394.37243652344,5225,0,0.33125000000000004,637667.3745269775,2501,2501,2501,2501,2501,2501,2501,2501,2501,2501,2501,2501,2501,2501,2501,2501,2501,2501,2501,2501,2501,2501,2501,2501,2501,2501,2501,2501,2501,2501,2501,2501,17.157432556152344,34.290977478027344,0.9405899047851563,6.585426330566406,2.3114166259765625,9.162315368652344,1.3941116333007813,2.5345001220703125,2.8552093505859375,1.0317535400390625,2.2316513061523438,1.187255859375,20.8292236328125,2.8244552612304688,0.6069869995117188,0.4609375,0.5318984985351563,0.515228271484375,0.435211181640625,27.998046875,12.175422668457031,0.6559524536132813,0.8487319946289063,63.229515075683594,0.7822494506835938,0.7175064086914063,0.6365966796875,0.8078231811523438,0.6104202270507813,0.5261764526367188,0.4515838623046875,0.50457763671875,8188,240,19088,42,0,33514618880,35903139840,11410137088,0
200,1772138245529,64395.96627807617,5275,0,0.28749999999999987,637676.1425170898,2501,2501,2501,2501,2501,2501,2501,2501,2501,2501,2501,2501,2501,2501,2501,2501,2501,2501,2501,2501,2501,2501,2501,2501,2501,2501,2501,2501,2501,2501,2501,2501,8.89544677734375,35.08478546142578,0.07924652099609375,4.590583801269531,2.4299850463867188,8.522720336914063,0.40118408203125,4.003410339355469,1.1511001586914063,1.4751434326171875,1.876129150390625,0,25.343490600585938,2.18133544921875,0.27034759521484375,0,0,0,0,39.36650466918945,12.557937622070313,0.10268402099609375,0.11611175537109375,49.522151947021484,0,0,0.0765380859375,0.2872772216796875,0,0,0,0,8188,240,19088,42,0,33514618880,35903139840,11436056576,0
200,1772138245729,64397.29769897461,5250,0,0.31874999999999987,637684.8881072998,2501,2501,2501,2501,2501,2501,2501,2501,2501,2501,2501,2501,2501,2501,2501,2501,2501,2501,2501,2501,2501,2501,2501,2501,2501,2501,2501,2501,2501,2501,2501,2501,5.9795379638671875,61.37013626098633,0.42104339599609375,7.460113525390625,2.4920272827148438,8.730094909667969,0.95867919921875,2.0278472900390625,0.622406005859375,2.4734039306640625,1.1886978149414063,0.029510498046875,4.5416412353515625,0.07279205322265625,0,0.038543701171875,0.06175994873046875,0.07828521728515625,0.06560516357421875,40.551509857177734,10.011756896972656,0.6437301635742188,0.21459197998046875,61.70710372924805,0.058013916015625,0.2977752685546875,0.7703933715820313,0.2570343017578125,0.411407470703125,0.31005859375,0.12397003173828125,0.5162124633789063,8188,240,19165,42,0,33514618880,35903139840,11449745408,0
200,1772138245930,62371.32556152344,5000,0,0.3812500000000001,637693.9537963867,2501,2501,2501,2501,2501,2501,2501,2501,2501,2501,2501,2501,2501,2501,2501,2501,2501,2501,2501,2501,2501,2501,2501,2501,2501,2501,2501,2501,2501,2501,2501,2501,25.417953491210938,15.653327941894531,5.244964599609375,6.652069091796875,5.19439697265625,10.02294921875,2.9919357299804688,6.555366516113281,0.8195114135742188,0.8936996459960938,1.3941574096679688,0.6717910766601563,47.264896392822266,0.7292861938476563,0.40659332275390625,0.6355209350585938,1.0974197387695313,0.5413131713867188,1.0594024658203125,10.227363586425781,8.105667114257813,1.0980148315429688,0.859771728515625,51.020694732666016,1.1650238037109375,1.1787796020507813,2.0418853759765625,4.138923645019531,2.308135986328125,1.719940185546875,0.9751052856445313,2.1994247436523438,8188,240,19165,42,0,33514618880,35903139840,11440009216,0
199,1772138246130,64400.131271362305,5150,0,0.34375,637703.2533569336,2501,2501,2501,2501,2501,2501,2501,2501,2501,2501,2501,2501,2501,2501,2501,2501,2501,2501,2501,2501,2501,2501,2501,2501,2501,2501,2501,2501,2501,2501,2501,2501,1.17913818359375,91.24919891357422,2.30877685546875,6.965171813964844,4.731842041015625,8.17010498046875,2.2568206787109375,2.5559234619140625,0.11394500732421875,0.6791915893554688,0.8702392578125,0.4315948486328125,16.492507934570313,1.48358154296875,0,0,0,0.11495208740234375,0.05300140380859375,22.992538452148438,13.767593383789063,1.0386886596679688,0.06459808349609375,26.76569366455078,0.2870941162109375,0.2803955078125,0.9563369750976563,2.9195175170898438,0.8864364624023438,1.1697845458984375,0.3598480224609375,1.3258819580078125,8188,240,19193,42,0,33514618880,35903139840,11457511424,0
199,1772138246331,64400.845306396484,5125,0,0.34375,637712.020324707,2501,2501,2501,2501,2501,2501,2501,2501,2501,2501,2501,2501,2501,2501,2501,2501,2501,2501,2501,2501,2501,2501,2501,2501,2501,2501,2501,2501,2501,2501,2501,2501,0.5185012817382813,99.9965591430664,1.2001419067382813,4.413536071777344,2.107666015625,3.5009231567382813,0.342742919921875,1.21978759765625,0.7779006958007813,0.5015411376953125,2.3839187622070313,0.5774993896484375,5.8058929443359375,3.7193756103515625,0.8401947021484375,0.29306793212890625,0.35211944580078125,0.41815185546875,0.113861083984375,43.51388931274414,15.054901123046875,0.113067626953125,0.5759048461914063,23.50780487060547,0.11346435546875,0.138153076171875,0.1901702880859375,0.623138427734375,0.2590484619140625,0.5030364990234375,0.10578155517578125,0.1457366943359375,8188,240,19193,42,0,33514618880,35903139840,11479351296,0
200,1772138246531,62376.53462219238,5150,0,0.32499999999999996,637720.9998016357,2501,2501,2501,2501,2501,2501,2501,2501,2501,2501,2501,2501,2501,2501,2501,2501,2501,2501,2501,2501,2501,2501,2501,2501,2501,2501,2501,2501,2501,2501,2501,2501,1.892730712890625,73.83184814453125,0.7205810546875,5.404731750488281,1.1858673095703125,7.079505920410156,0.29778289794921875,1.6750717163085938,0.4758453369140625,0.5717849731445313,3.0120315551757813,0.5858001708984375,14.497024536132813,3.7931137084960938,0.101043701171875,0.0740203857421875,0.03623199462890625,0.07071685791015625,0.0339813232421875,37.276588439941406,16.2781982421875,0.1686553955078125,0.555419921875,53.60078430175781,0.0316314697265625,0.04033660888671875,0.39437103271484375,0.5375518798828125,0.0776214599609375,0.0726165771484375,0.0270233154296875,0.046844482421875,8188,240,19193,42,0,33514618880,35903139840,11491532800,0
200,1772138246731,64403.45570373535,5175,0,0.3374999999999999,637729.8447113037,2501,2501,2501,2501,2501,2501,2501,2501,2501,2501,2501,2501,2501,2501,2501,2501,2501,2501,2501,2501,2501,2501,2501,2501,2501,2501,2501,2501,2501,2501,2501,2501,2.30572509765625,61.205238342285156,0.30110931396484375,3.7881927490234375,1.55804443359375,4.3774261474609375,0.694976806640625,1.0253143310546875,0.2028045654296875,0.1091461181640625,3.6131134033203125,0.7564163208007813,18.456336975097656,3.8424911499023438,0.042510986328125,0.9111709594726563,0.29526519775390625,0,0,43.32404327392578,15.355880737304688,0.07712554931640625,0.391021728515625,52.27510452270508,0.45265960693359375,0.45555877685546875,0.00174713134765625,0.0733795166015625,0,0,0,0,8188,240,19220,42,0,33514618880,35903139840,11491573760,0
200,1772138246931,64404.79605102539,5250,0,0.30000000000000004,637739.042175293,2501,2501,2501,2501,2501,2501,2501,2501,2501,2501,2501,2501,2501,2501,2501,2501,2501,2501,2501,2501,2501,2501,2501,2501,2501,2501,2501,2501,2501,2501,2501,2501,13.778915405273438,47.502445220947266,1.6300277709960938,6.1096038818359375,6.975090026855469,8.982643127441406,1.455169677734375,1.6529159545898438,1.1654129028320313,3.2330169677734375,3.483978271484375,1.4971694946289063,6.668571472167969,2.6392898559570313,0.6632003784179688,0.9519119262695313,1.7711105346679688,0.6887893676757813,0.367156982421875,30.8072509765625,16.437103271484375,0.8013458251953125,0.520416259765625,70.02965545654297,1.14202880859375,2.0746383666992188,1.3304443359375,1.0756988525390625,0.378631591796875,0.9344558715820313,0.4009246826171875,0.7676849365234375,8188,240,19220,42,0,33514618880,35903139840,11528892416,0
200,1772138247131,62380.39724731445,5175,0,0.34999999999999987,637748.1084289551,2501,2501,2501,2501,2501,2501,2501,2501,2501,2501,2501,2501,2501,2501,2501,2501,2501,2501,2501,2501,2501,2501,2501,2501,2501,2501,2501,2501,2501,2501,2501,2501,13.305000305175781,30.299362182617188,6.258941650390625,6.368797302246094,7.22332763671875,6.2727203369140625,2.3674468994140625,5.3480377197265625,1.4795074462890625,2.869537353515625,2.1062393188476563,0.32976531982421875,38.664093017578125,0.6390151977539063,0.7843246459960938,0.24877166748046875,0.10820770263671875,0.7728347778320313,1.0023880004882813,29.03582000732422,15.307273864746094,0.47922515869140625,0.49834442138671875,40.783363342285156,0.45320892333984375,2.4987258911132813,2.2068557739257813,3.7885284423828125,2.7619247436523438,0.5794906616210938,0.22914886474609375,1.881134033203125,8188,240,19141,42,0,33514618880,35903139840,11509067776,0
199,1772138247332,62381.97300720215,5150,0,0.3687499999999999,637757.8703918457,2501,2501,2501,2501,2501,2501,2501,2501,2501,2501,2501,2501,2501,2501,2501,2501,2501,2501,2501,2501,2501,2501,2501,2501,2501,2501,2501,2501,2501,2501,2501,2501,15.147605895996094,70.52897644042969,5.055000305175781,8.87420654296875,7.957389831542969,11.32965087890625,3.8424453735351563,3.8103713989257813,1.0560836791992188,0.7538528442382813,0.5673446655273438,0.1861572265625,13.234115600585938,0.46329498291015625,0.385833740234375,0.48868560791015625,0.3280181884765625,0.5907440185546875,0.5993194580078125,7.0628662109375,9.496421813964844,0.13008880615234375,0.11008453369140625,35.325218200683594,0.727020263671875,0.9433517456054688,4.0301971435546875,4.002464294433594,2.60150146484375,1.634307861328125,1.0167770385742188,1.0950393676757813,8188,240,19141,42,0,33514618880,35903139840,11539689472,0
199,1772138247532,34632.89001464844,5275,0,0.30000000000000004,637766.3337860107,2501,2501,2501,2501,2501,2501,2501,2501,2501,2501,2501,2501,2501,2501,2501,2501,2501,2501,2501,2501,2501,2501,2501,2501,2501,2501,2501,2501,2501,2501,2501,2501,49.470558166503906,20.585830688476563,0.8265838623046875,3.4888381958007813,1.4473495483398438,4.40179443359375,0.26879119873046875,0.672760009765625,1.3145828247070313,3.0533218383789063,2.7949295043945313,0.731597900390625,26.488616943359375,1.768890380859375,0.604278564453125,0.24224853515625,0.44281005859375,0.529388427734375,0.3796234130859375,42.520233154296875,13.276077270507813,0.40306854248046875,0.20391082763671875,20.637771606445313,0.07483673095703125,0.077484130859375,0.14327239990234375,0.1129302978515625,0.26729583740234375,0.19831085205078125,0.12812042236328125,0.07738494873046875,8188,240,19141,42,0,33514618880,35903139840,11567054848,0
200,1772138247732,64409.99118041992,5150,0,0.35624999999999996,637774.3916931152,2501,2501,2501,2501,2501,2501,2501,2501,2501,2501,2501,2501,2501,2501,2501,2501,2501,2501,2501,2501,2501,2501,2501,2501,2501,2501,2501,2501,2501,2501,2501,2501,5.893898010253906,21.943069458007813,0.32796478271484375,3.4400711059570313,1.5966339111328125,4.250083923339844,0.16323089599609375,1.0598068237304688,1.3001556396484375,0.6343841552734375,0.5152359008789063,0.20806121826171875,0.7613296508789063,0.47275543212890625,0.25994110107421875,0.4220733642578125,0.01059722900390625,0.39593505859375,0.396881103515625,46.29049301147461,5.543296813964844,0.52093505859375,0.7814712524414063,83.41500091552734,0.03763580322265625,0.19826507568359375,0.147735595703125,0.2085113525390625,0.12725067138671875,0.05462646484375,0.00439453125,0.0615234375,8188,240,19226,42,0,33514618880,35903139840,11625570304,0
200,1772138247932,64410.700592041016,5125,0,0.36250000000000004,637782.5753173828,2501,2501,2501,2501,2501,2501,2501,2501,2501,2501,2501,2501,2501,2501,2501,2501,2501,2501,2501,2501,2501,2501,2501,2501,2501,2501,2501,2501,2501,2501,2501,2501,67.77606201171875,32.30751037597656,1.509368896484375,5.32855224609375,2.4581069946289063,3.7705078125,1.348785400390625,1.1227569580078125,0.505279541015625,0.4471435546875,0.886962890625,0.7644119262695313,3.2943954467773438,0.7342529296875,0.6487350463867188,1.5547103881835938,0.7905502319335938,0.43624114990234375,0.5684967041015625,40.777645111083984,6.4838104248046875,0.4853668212890625,0.42279815673828125,26.114593505859375,0.6705856323242188,0.6129989624023438,0.5432052612304688,0.6909942626953125,0.6241912841796875,0.7296676635742188,1.0235519409179688,0.6754150390625,8188,240,19226,42,0,33514618880,35903139840,11628847104,0
